product_name,node_name,year,w1,w2,w3,w4,w5,w6,w7,w8,w9,w10,w11,w12,w13,w14,w15,w16,w17,w18,w19,w20,w21,w22,w23,w24,w25,w26,w27,w28,w29,w30,w31,w32,w33,w34,w35,w36,w37,w38,w39,w40,w41,w42,w43,w44,w45,w46,w47,w48,w49,w50,w51,w52,w53
product-X,CAN,2023,0.0,0.0,0.0,0.0,0.0,0.0,0.0,0.0,0.0,0.0,0.0,0.0,0.0,0.0,0.0,0.0,0.0,0.0,0.0,0.0,0.0,0.0,0.0,0.0,0.0,0.0,0.0,0.0,0.0,0.0,0.0,0.0,0.0,0.0,0.0,0.0,0.0,0.0,0.0,0.0,0.0,0.0,0.0,0.0,0.0,0.0,0.0,0.0,0.0,0.0,0.0,0.0,0
product-X,CAN,2024,0.0,0.0,0.0,0.0,0.0,0.0,0.0,0.0,0.0,0.0,0.0,0.0,0.0,0.0,0.0,0.0,0.0,0.0,0.0,0.0,0.0,0.0,0.0,0.0,0.0,0.0,0.0,0.0,0.0,0.0,0.0,0.0,0.0,0.0,0.0,0.0,0.0,0.0,0.0,0.0,0.0,0.0,0.0,0.0,0.0,0.0,0.0,0.0,0.0,0.0,0.0,0.0,0
product-X,CAN,2025,0.0,0.0,0.0,0.0,0.0,0.0,0.0,0.0,0.0,0.0,0.0,0.0,0.0,0.0,0.0,0.0,0.0,0.0,0.0,0.0,0.0,0.0,0.0,0.0,0.0,0.0,0.0,0.0,0.0,0.0,0.0,0.0,0.0,0.0,0.0,0.0,0.0,0.0,0.0,0.0,0.0,0.0,0.0,0.0,0.0,0.0,0.0,0.0,0.0,0.0,0.0,0.0,0
product-X,CAN,2026,0.0,0.0,0.0,0.0,0.0,0.0,0.0,0.0,0.0,0.0,0.0,0.0,0.0,0.0,0.0,0.0,0.0,0.0,0.0,0.0,0.0,0.0,0.0,0.0,0.0,0.0,0.0,0.0,0.0,0.0,0.0,0.0,0.0,0.0,0.0,0.0,0.0,0.0,0.0,0.0,0.0,0.0,0.0,0.0,0.0,0.0,0.0,0.0,0.0,0.0,0.0,0.0,0.0
product-X,CAN,2027,0.0,0.0,0.0,0.0,0.0,0.0,0.0,0.0,0.0,0.0,0.0,0.0,0.0,0.0,0.0,0.0,0.0,0.0,0.0,0.0,0.0,0.0,0.0,0.0,0.0,0.0,0.0,0.0,0.0,0.0,0.0,0.0,0.0,0.0,0.0,0.0,0.0,0.0,0.0,0.0,0.0,0.0,0.0,0.0,0.0,0.0,0.0,0.0,0.0,0.0,0.0,0.0,0
product-X,CAN,2028,0.0,0.0,0.0,0.0,0.0,0.0,0.0,0.0,0.0,0.0,0.0,0.0,0.0,0.0,0.0,0.0,0.0,0.0,0.0,0.0,0.0,0.0,0.0,0.0,0.0,0.0,0.0,0.0,0.0,0.0,0.0,0.0,0.0,0.0,0.0,0.0,0.0,0.0,0.0,0.0,0.0,0.0,0.0,0.0,0.0,0.0,0.0,0.0,0.0,0.0,0.0,0.0,0
product-X,CAN_D,2023,0.0,0.0,0.0,0.0,0.0,0.0,0.0,0.0,0.0,0.0,0.0,0.0,0.0,0.0,0.0,0.0,0.0,0.0,0.0,0.0,0.0,0.0,0.0,0.0,0.0,0.0,0.0,0.0,0.0,0.0,0.0,0.0,0.0,0.0,0.0,0.0,0.0,0.0,0.0,0.0,0.0,0.0,0.0,0.0,0.0,0.0,0.0,0.0,0.0,0.0,0.0,0.0,0
product-X,CAN_D,2024,22.580645161290324,22.580645161290324,22.580645161290324,22.580645161290324,29.81535038932147,35.241379310344826,35.241379310344826,35.241379310344826,37.847608453837594,41.322580645161295,41.322580645161295,41.322580645161295,41.322580645161295,36.86666666666667,36.86666666666667,36.86666666666667,36.86666666666667,38.11397849462366,38.612903225806456,38.612903225806456,38.612903225806456,47.24731182795699,68.83333333333334,68.83333333333334,68.83333333333334,68.83333333333334,49.4516129032258,49.4516129032258,49.4516129032258,49.4516129032258,52.54838709677419,54.87096774193548,54.87096774193548,54.87096774193548,54.73225806451613,53.900000000000006,53.900000000000006,53.900000000000006,53.900000000000006,47.764516129032266,46.741935483870975,46.741935483870975,46.741935483870975,46.20967741935484,45.5,45.5,45.5,46.064516129032256,49.4516129032258,49.4516129032258,49.4516129032258,49.4516129032258,0
product-X,CAN_D,2025,30.258064516129036,22.580645161290324,22.580645161290324,22.580645161290324,26.557603686635947,36.5,36.5,36.5,37.8778801843318,41.322580645161295,41.322580645161295,41.322580645161295,41.322580645161295,37.50322580645161,36.86666666666667,36.86666666666667,36.86666666666667,37.86451612903226,38.612903225806456,38.612903225806456,38.612903225806456,39.59677419354839,45.5,45.5,45.5,45.5,48.887096774193544,49.4516129032258,49.4516129032258,49.4516129032258,51.77419354838709,54.87096774193548,54.87096774193548,54.87096774193548,54.87096774193548,53.900000000000006,53.900000000000006,53.900000000000006,53.900000000000006,48.78709677419356,46.741935483870975,46.741935483870975,46.741935483870975,46.38709677419355,45.5,45.5,45.5,45.5,49.4516129032258,49.4516129032258,49.4516129032258,49.4516129032258,0
product-X,CAN_D,2026,47.00000000000001,45.16129032258065,45.16129032258065,45.16129032258065,47.63824884792627,62.50000000000001,62.50000000000001,62.50000000000001,59.47465437788019,41.322580645161295,41.322580645161295,41.322580645161295,41.322580645161295,38.13978494623656,36.86666666666667,36.86666666666667,36.86666666666667,37.61505376344086,38.612903225806456,38.612903225806456,38.612903225806456,38.612903225806456,45.5,45.5,45.5,45.5,48.32258064516128,49.4516129032258,49.4516129032258,49.4516129032258,50.99999999999999,54.87096774193548,54.87096774193548,54.87096774193548,54.87096774193548,54.03870967741936,53.900000000000006,53.900000000000006,53.900000000000006,49.80967741935485,46.741935483870975,46.741935483870975,46.741935483870975,46.56451612903226,45.5,45.5,45.5,45.5,48.887096774193544,49.4516129032258,49.4516129032258,49.4516129032258,47.612903225806456
product-X,CAN_D,2027,45.16129032258065,45.16129032258065,45.16129032258065,45.16129032258065,62.50000000000001,62.50000000000001,62.50000000000001,62.50000000000001,41.322580645161295,41.322580645161295,41.322580645161295,41.322580645161295,38.7763440860215,36.86666666666667,36.86666666666667,36.86666666666667,37.365591397849464,38.612903225806456,38.612903225806456,38.612903225806456,38.612903225806456,44.516129032258064,45.5,45.5,45.5,47.758064516129025,49.4516129032258,49.4516129032258,49.4516129032258,50.2258064516129,54.87096774193548,54.87096774193548,54.87096774193548,54.87096774193548,54.17741935483872,53.900000000000006,53.900000000000006,53.900000000000006,50.83225806451613,46.741935483870975,46.741935483870975,46.741935483870975,46.741935483870975,45.5,45.5,45.5,45.5,48.32258064516128,49.4516129032258,49.4516129032258,49.4516129032258,41.774193548387096,0
product-X,CAN_D,2028,22.580645161290324,22.580645161290324,22.580645161290324,22.580645161290324,33.43270300333704,35.241379310344826,35.241379310344826,35.241379310344826,39.585094549499445,41.322580645161295,41.322580645161295,41.322580645161295,40.049462365591395,36.86666666666667,36.86666666666667,36.86666666666667,36.86666666666667,38.612903225806456,38.612903225806456,38.612903225806456,38.612903225806456,42.54838709677419,45.5,45.5,45.5,46.62903225806451,49.4516129032258,49.4516129032258,49.4516129032258,49.4516129032258,54.096774193548384,54.87096774193548,54.87096774193548,54.87096774193548,54.454838709677425,53.900000000000006,53.900000000000006,53.900000000000006,52.877419354838715,46.741935483870975,46.741935483870975,46.741935483870975,46.741935483870975,45.85483870967742,45.5,45.5,45.5,47.19354838709677,49.4516129032258,49.4516129032258,49.4516129032258,49.4516129032258,0
product-X,CAN_I,2023,0.0,0.0,0.0,0.0,0.0,0.0,0.0,0.0,0.0,0.0,0.0,0.0,0.0,0.0,0.0,0.0,0.0,0.0,0.0,0.0,0.0,0.0,0.0,0.0,0.0,0.0,0.0,0.0,0.0,0.0,0.0,0.0,0.0,0.0,0.0,0.0,0.0,0.0,0.0,0.0,0.0,0.0,0.0,0.0,0.0,0.0,0.0,0.0,0.0,0.0,0.0,0.0,0
product-X,CAN_I,2024,27.5483870967742,27.5483870967742,27.5483870967742,27.5483870967742,31.944382647385986,35.241379310344826,35.241379310344826,35.241379310344826,37.847608453837594,41.322580645161295,41.322580645161295,41.322580645161295,41.322580645161295,36.86666666666667,36.86666666666667,36.86666666666667,36.86666666666667,38.11397849462366,38.612903225806456,38.612903225806456,38.612903225806456,40.58064516129032,45.5,45.5,45.5,45.5,49.4516129032258,49.4516129032258,49.4516129032258,49.4516129032258,52.54838709677419,54.87096774193548,54.87096774193548,54.87096774193548,54.73225806451613,53.900000000000006,53.900000000000006,53.900000000000006,53.900000000000006,47.764516129032266,46.741935483870975,46.741935483870975,46.741935483870975,46.20967741935484,45.5,45.5,45.5,46.064516129032256,49.4516129032258,49.4516129032258,49.4516129032258,49.4516129032258,0
product-X,CAN_I,2025,33.80645161290323,27.5483870967742,27.5483870967742,27.5483870967742,30.105990783410142,36.5,36.5,36.5,37.8778801843318,41.322580645161295,41.322580645161295,41.322580645161295,41.322580645161295,37.50322580645161,36.86666666666667,36.86666666666667,36.86666666666667,37.86451612903226,38.612903225806456,38.612903225806456,38.612903225806456,39.59677419354839,45.5,45.5,45.5,45.5,48.887096774193544,49.4516129032258,49.4516129032258,49.4516129032258,51.77419354838709,54.87096774193548,54.87096774193548,54.87096774193548,54.87096774193548,53.900000000000006,53.900000000000006,53.900000000000006,53.900000000000006,48.78709677419356,46.741935483870975,46.741935483870975,46.741935483870975,46.38709677419355,45.5,45.5,45.5,45.5,49.4516129032258,49.4516129032258,49.4516129032258,49.4516129032258,0
product-X,CAN_I,2026,36.93548387096775,27.5483870967742,27.5483870967742,27.5483870967742,28.82718894009217,36.5,36.5,36.5,37.1889400921659,41.322580645161295,41.322580645161295,41.322580645161295,41.322580645161295,38.13978494623656,36.86666666666667,36.86666666666667,36.86666666666667,37.61505376344086,38.612903225806456,38.612903225806456,38.612903225806456,38.612903225806456,45.5,45.5,45.5,45.5,48.32258064516128,49.4516129032258,49.4516129032258,49.4516129032258,50.99999999999999,54.87096774193548,54.87096774193548,54.87096774193548,54.87096774193548,54.03870967741936,53.900000000000006,53.900000000000006,53.900000000000006,49.80967741935485,46.741935483870975,46.741935483870975,46.741935483870975,46.56451612903226,45.5,45.5,45.5,45.5,48.887096774193544,49.4516129032258,49.4516129032258,49.4516129032258,40.06451612903226
product-X,CAN_I,2027,27.5483870967742,27.5483870967742,27.5483870967742,27.5483870967742,36.5,36.5,36.5,36.5,41.322580645161295,41.322580645161295,41.322580645161295,41.322580645161295,38.7763440860215,36.86666666666667,36.86666666666667,36.86666666666667,37.365591397849464,38.612903225806456,38.612903225806456,38.612903225806456,38.612903225806456,44.516129032258064,45.5,45.5,45.5,47.758064516129025,49.4516129032258,49.4516129032258,49.4516129032258,50.2258064516129,54.87096774193548,54.87096774193548,54.87096774193548,54.87096774193548,54.17741935483872,53.900000000000006,53.900000000000006,53.900000000000006,50.83225806451613,46.741935483870975,46.741935483870975,46.741935483870975,46.741935483870975,45.5,45.5,45.5,45.5,48.32258064516128,49.4516129032258,49.4516129032258,49.4516129032258,43.193548387096776,0
product-X,CAN_I,2028,27.5483870967742,27.5483870967742,27.5483870967742,27.5483870967742,34.14238042269188,35.241379310344826,35.241379310344826,35.241379310344826,39.585094549499445,41.322580645161295,41.322580645161295,41.322580645161295,40.049462365591395,36.86666666666667,36.86666666666667,36.86666666666667,36.86666666666667,38.612903225806456,38.612903225806456,38.612903225806456,38.612903225806456,42.54838709677419,45.5,45.5,45.5,46.62903225806451,49.4516129032258,49.4516129032258,49.4516129032258,49.4516129032258,54.096774193548384,54.87096774193548,54.87096774193548,54.87096774193548,54.454838709677425,53.900000000000006,53.900000000000006,53.900000000000006,52.877419354838715,46.741935483870975,46.741935483870975,46.741935483870975,46.741935483870975,45.85483870967742,45.5,45.5,45.5,47.19354838709677,49.4516129032258,49.4516129032258,49.4516129032258,49.4516129032258,0
product-X,CAN_N,2023,0.0,0.0,0.0,0.0,0.0,0.0,0.0,0.0,0.0,0.0,0.0,0.0,0.0,0.0,0.0,0.0,0.0,0.0,0.0,0.0,0.0,0.0,0.0,0.0,0.0,0.0,0.0,0.0,0.0,0.0,0.0,0.0,0.0,0.0,0.0,0.0,0.0,0.0,0.0,0.0,0.0,0.0,0.0,0.0,0.0,0.0,0.0,0.0,0.0,0.0,0.0,0.0,0
product-X,CAN_N,2024,27.5483870967742,27.5483870967742,27.5483870967742,27.5483870967742,31.944382647385986,35.241379310344826,35.241379310344826,35.241379310344826,37.847608453837594,41.322580645161295,41.322580645161295,41.322580645161295,41.322580645161295,36.86666666666667,36.86666666666667,36.86666666666667,36.86666666666667,38.11397849462366,38.612903225806456,38.612903225806456,38.612903225806456,40.58064516129032,45.5,45.5,45.5,45.5,49.4516129032258,49.4516129032258,49.4516129032258,49.4516129032258,52.54838709677419,54.87096774193548,54.87096774193548,54.87096774193548,54.73225806451613,53.900000000000006,53.900000000000006,53.900000000000006,53.900000000000006,47.764516129032266,46.741935483870975,46.741935483870975,46.741935483870975,46.20967741935484,45.5,45.5,45.5,46.064516129032256,49.4516129032258,49.4516129032258,49.4516129032258,49.4516129032258,0
product-X,CAN_N,2025,33.80645161290323,27.5483870967742,27.5483870967742,27.5483870967742,30.105990783410142,36.5,36.5,36.5,37.8778801843318,41.322580645161295,41.322580645161295,41.322580645161295,41.322580645161295,37.50322580645161,36.86666666666667,36.86666666666667,36.86666666666667,37.86451612903226,38.612903225806456,38.612903225806456,38.612903225806456,39.59677419354839,45.5,45.5,45.5,45.5,48.887096774193544,49.4516129032258,49.4516129032258,49.4516129032258,51.77419354838709,54.87096774193548,54.87096774193548,54.87096774193548,54.87096774193548,53.900000000000006,53.900000000000006,53.900000000000006,53.900000000000006,48.78709677419356,46.741935483870975,46.741935483870975,46.741935483870975,46.38709677419355,45.5,45.5,45.5,45.5,49.4516129032258,49.4516129032258,49.4516129032258,49.4516129032258,0
product-X,CAN_N,2026,36.93548387096775,27.5483870967742,27.5483870967742,27.5483870967742,28.82718894009217,36.5,36.5,36.5,37.1889400921659,41.322580645161295,41.322580645161295,41.322580645161295,41.322580645161295,38.13978494623656,36.86666666666667,36.86666666666667,36.86666666666667,37.61505376344086,38.612903225806456,38.612903225806456,38.612903225806456,38.612903225806456,45.5,45.5,45.5,45.5,48.32258064516128,49.4516129032258,49.4516129032258,49.4516129032258,50.99999999999999,54.87096774193548,54.87096774193548,54.87096774193548,54.87096774193548,54.03870967741936,53.900000000000006,53.900000000000006,53.900000000000006,49.80967741935485,46.741935483870975,46.741935483870975,46.741935483870975,46.56451612903226,45.5,45.5,45.5,45.5,48.887096774193544,49.4516129032258,49.4516129032258,49.4516129032258,40.06451612903226
product-X,CAN_N,2027,27.5483870967742,27.5483870967742,27.5483870967742,27.5483870967742,36.5,36.5,36.5,36.5,41.322580645161295,41.322580645161295,41.322580645161295,41.322580645161295,38.7763440860215,36.86666666666667,36.86666666666667,36.86666666666667,37.365591397849464,38.612903225806456,38.612903225806456,38.612903225806456,38.612903225806456,44.516129032258064,45.5,45.5,45.5,47.758064516129025,49.4516129032258,49.4516129032258,49.4516129032258,50.2258064516129,54.87096774193548,54.87096774193548,54.87096774193548,54.87096774193548,54.17741935483872,53.900000000000006,53.900000000000006,53.900000000000006,50.83225806451613,46.741935483870975,46.741935483870975,46.741935483870975,46.741935483870975,45.5,45.5,45.5,45.5,48.32258064516128,49.4516129032258,49.4516129032258,49.4516129032258,43.193548387096776,0
product-X,CAN_N,2028,27.5483870967742,27.5483870967742,27.5483870967742,27.5483870967742,34.14238042269188,35.241379310344826,35.241379310344826,35.241379310344826,39.585094549499445,41.322580645161295,41.322580645161295,41.322580645161295,40.049462365591395,36.86666666666667,36.86666666666667,36.86666666666667,36.86666666666667,38.612903225806456,38.612903225806456,38.612903225806456,38.612903225806456,42.54838709677419,45.5,45.5,45.5,46.62903225806451,49.4516129032258,49.4516129032258,49.4516129032258,49.4516129032258,54.096774193548384,54.87096774193548,54.87096774193548,54.87096774193548,54.454838709677425,53.900000000000006,53.900000000000006,53.900000000000006,52.877419354838715,46.741935483870975,46.741935483870975,46.741935483870975,46.741935483870975,45.85483870967742,45.5,45.5,45.5,47.19354838709677,49.4516129032258,49.4516129032258,49.4516129032258,49.4516129032258,0
product-X,FRALEAF,2023,0.0,0.0,0.0,0.0,0.0,0.0,0.0,0.0,0.0,0.0,0.0,0.0,0.0,0.0,0.0,0.0,0.0,0.0,0.0,0.0,0.0,0.0,0.0,0.0,0.0,0.0,0.0,0.0,0.0,0.0,0.0,0.0,0.0,0.0,0.0,0.0,0.0,0.0,0.0,0.0,0.0,0.0,0.0,0.0,0.0,0.0,0.0,0.0,0.0,0.0,0.0,0.0,0
product-X,FRALEAF,2024,5.419354838709678,5.419354838709678,5.419354838709678,5.419354838709678,6.32258064516129,7.0,7.0,7.0,7.580645161290322,8.35483870967742,8.35483870967742,8.35483870967742,8.35483870967742,7.466666666666666,7.466666666666666,7.466666666666666,7.466666666666666,7.617204301075268,7.677419354838709,7.677419354838709,7.677419354838709,8.083870967741936,9.1,9.1,9.1,9.1,9.935483870967744,9.935483870967744,9.935483870967744,9.935483870967744,10.58064516129032,11.064516129032256,11.064516129032256,11.064516129032256,11.017204301075267,10.733333333333334,10.733333333333334,10.733333333333334,10.733333333333334,9.468817204301075,9.258064516129032,9.258064516129032,9.258064516129032,9.19032258064516,9.1,9.1,9.1,9.219354838709677,9.935483870967744,9.935483870967744,9.935483870967744,9.935483870967744,0
product-X,FRALEAF,2025,6.70967741935484,5.419354838709678,5.419354838709678,5.419354838709678,5.942396313364055,7.25,7.25,7.25,7.565668202764977,8.35483870967742,8.35483870967742,8.35483870967742,8.35483870967742,7.5935483870967735,7.466666666666666,7.466666666666666,7.466666666666666,7.587096774193548,7.677419354838709,7.677419354838709,7.677419354838709,7.880645161290322,9.1,9.1,9.1,9.1,9.816129032258067,9.935483870967744,9.935483870967744,9.935483870967744,10.419354838709676,11.064516129032256,11.064516129032256,11.064516129032256,11.064516129032256,10.733333333333334,10.733333333333334,10.733333333333334,10.733333333333334,9.679569892473118,9.258064516129032,9.258064516129032,9.258064516129032,9.212903225806452,9.1,9.1,9.1,9.1,9.935483870967744,9.935483870967744,9.935483870967744,9.935483870967744,0
product-X,FRALEAF,2026,7.35483870967742,5.419354838709678,5.419354838709678,5.419354838709678,5.6808755760368665,7.25,7.25,7.25,7.407834101382488,8.35483870967742,8.35483870967742,8.35483870967742,8.35483870967742,7.720430107526881,7.466666666666666,7.466666666666666,7.466666666666666,7.556989247311828,7.677419354838709,7.677419354838709,7.677419354838709,7.677419354838709,9.1,9.1,9.1,9.1,9.69677419354839,9.935483870967744,9.935483870967744,9.935483870967744,10.258064516129032,11.064516129032256,11.064516129032256,11.064516129032256,11.064516129032256,10.780645161290323,10.733333333333334,10.733333333333334,10.733333333333334,9.890322580645162,9.258064516129032,9.258064516129032,9.258064516129032,9.235483870967741,9.1,9.1,9.1,9.1,9.816129032258067,9.935483870967744,9.935483870967744,9.935483870967744,8.0
product-X,FRALEAF,2027,5.419354838709678,5.419354838709678,5.419354838709678,5.419354838709678,7.25,7.25,7.25,7.25,8.35483870967742,8.35483870967742,8.35483870967742,8.35483870967742,7.847311827956989,7.466666666666666,7.466666666666666,7.466666666666666,7.526881720430107,7.677419354838709,7.677419354838709,7.677419354838709,7.677419354838709,8.896774193548387,9.1,9.1,9.1,9.577419354838712,9.935483870967744,9.935483870967744,9.935483870967744,10.096774193548388,11.064516129032256,11.064516129032256,11.064516129032256,11.064516129032256,10.827956989247312,10.733333333333334,10.733333333333334,10.733333333333334,10.101075268817205,9.258064516129032,9.258064516129032,9.258064516129032,9.258064516129032,9.1,9.1,9.1,9.1,9.69677419354839,9.935483870967744,9.935483870967744,9.935483870967744,8.645161290322582,0
product-X,FRALEAF,2028,5.419354838709678,5.419354838709678,5.419354838709678,5.419354838709678,6.774193548387097,7.0,7.0,7.0,7.96774193548387,8.35483870967742,8.35483870967742,8.35483870967742,8.101075268817205,7.466666666666666,7.466666666666666,7.466666666666666,7.466666666666666,7.677419354838709,7.677419354838709,7.677419354838709,7.677419354838709,8.490322580645161,9.1,9.1,9.1,9.338709677419356,9.935483870967744,9.935483870967744,9.935483870967744,9.935483870967744,10.90322580645161,11.064516129032256,11.064516129032256,11.064516129032256,10.92258064516129,10.733333333333334,10.733333333333334,10.733333333333334,10.522580645161291,9.258064516129032,9.258064516129032,9.258064516129032,9.258064516129032,9.14516129032258,9.1,9.1,9.1,9.458064516129033,9.935483870967744,9.935483870967744,9.935483870967744,9.935483870967744,0
product-X,HAM,2023,0.0,0.0,0.0,0.0,0.0,0.0,0.0,0.0,0.0,0.0,0.0,0.0,0.0,0.0,0.0,0.0,0.0,0.0,0.0,0.0,0.0,0.0,0.0,0.0,0.0,0.0,0.0,0.0,0.0,0.0,0.0,0.0,0.0,0.0,0.0,0.0,0.0,0.0,0.0,0.0,0.0,0.0,0.0,0.0,0.0,0.0,0.0,0.0,0.0,0.0,0.0,0.0,0
product-X,HAM,2024,0.0,0.0,0.0,0.0,0.0,0.0,0.0,0.0,0.0,0.0,0.0,0.0,0.0,0.0,0.0,0.0,0.0,0.0,0.0,0.0,0.0,0.0,0.0,0.0,0.0,0.0,0.0,0.0,0.0,0.0,0.0,0.0,0.0,0.0,0.0,0.0,0.0,0.0,0.0,0.0,0.0,0.0,0.0,0.0,0.0,0.0,0.0,0.0,0.0,0.0,0.0,0.0,0
product-X,HAM,2025,0.0,0.0,0.0,0.0,0.0,0.0,0.0,0.0,0.0,0.0,0.0,0.0,0.0,0.0,0.0,0.0,0.0,0.0,0.0,0.0,0.0,0.0,0.0,0.0,0.0,0.0,0.0,0.0,0.0,0.0,0.0,0.0,0.0,0.0,0.0,0.0,0.0,0.0,0.0,0.0,0.0,0.0,0.0,0.0,0.0,0.0,0.0,0.0,0.0,0.0,0.0,0.0,0
product-X,HAM,2026,0.0,0.0,0.0,0.0,0.0,0.0,0.0,0.0,0.0,0.0,0.0,0.0,0.0,0.0,0.0,0.0,0.0,0.0,0.0,0.0,0.0,0.0,0.0,0.0,0.0,0.0,0.0,0.0,0.0,0.0,0.0,0.0,0.0,0.0,0.0,0.0,0.0,0.0,0.0,0.0,0.0,0.0,0.0,0.0,0.0,0.0,0.0,0.0,0.0,0.0,0.0,0.0,0.0
product-X,HAM,2027,0.0,0.0,0.0,0.0,0.0,0.0,0.0,0.0,0.0,0.0,0.0,0.0,0.0,0.0,0.0,0.0,0.0,0.0,0.0,0.0,0.0,0.0,0.0,0.0,0.0,0.0,0.0,0.0,0.0,0.0,0.0,0.0,0.0,0.0,0.0,0.0,0.0,0.0,0.0,0.0,0.0,0.0,0.0,0.0,0.0,0.0,0.0,0.0,0.0,0.0,0.0,0.0,0
product-X,HAM,2028,0.0,0.0,0.0,0.0,0.0,0.0,0.0,0.0,0.0,0.0,0.0,0.0,0.0,0.0,0.0,0.0,0.0,0.0,0.0,0.0,0.0,0.0,0.0,0.0,0.0,0.0,0.0,0.0,0.0,0.0,0.0,0.0,0.0,0.0,0.0,0.0,0.0,0.0,0.0,0.0,0.0,0.0,0.0,0.0,0.0,0.0,0.0,0.0,0.0,0.0,0.0,0.0,0
product-X,HAM_D,2023,0.0,0.0,0.0,0.0,0.0,0.0,0.0,0.0,0.0,0.0,0.0,0.0,0.0,0.0,0.0,0.0,0.0,0.0,0.0,0.0,0.0,0.0,0.0,0.0,0.0,0.0,0.0,0.0,0.0,0.0,0.0,0.0,0.0,0.0,0.0,0.0,0.0,0.0,0.0,0.0,0.0,0.0,0.0,0.0,0.0,0.0,0.0,0.0,0.0,0.0,0.0,0.0,0
product-X,HAM_D,2024,8.35483870967742,8.35483870967742,8.35483870967742,8.35483870967742,9.649610678531703,10.620689655172415,10.620689655172415,10.620689655172415,11.391546162402669,12.419354838709676,12.419354838709676,12.419354838709676,12.419354838709676,11.2,11.2,11.2,11.2,11.425806451612903,11.516129032258064,11.516129032258064,11.516129032258064,12.092473118279571,13.533333333333333,13.533333333333333,13.533333333333333,13.533333333333333,14.903225806451612,14.903225806451612,14.903225806451612,14.903225806451612,15.806451612903228,16.483870967741936,16.483870967741936,16.483870967741936,16.429032258064517,16.1,16.1,16.1,16.1,14.3,14.0,14.0,14.0,13.8,13.533333333333333,13.533333333333333,13.533333333333333,13.729032258064516,14.903225806451612,14.903225806451612,14.903225806451612,14.903225806451612,0
product-X,HAM_D,2025,10.225806451612902,8.35483870967742,8.35483870967742,8.35483870967742,9.110599078341014,11.0,11.0,11.0,11.40552995391705,12.419354838709676,12.419354838709676,12.419354838709676,12.419354838709676,11.374193548387096,11.2,11.2,11.2,11.380645161290323,11.516129032258064,11.516129032258064,11.516129032258064,11.804301075268818,13.533333333333333,13.533333333333333,13.533333333333333,13.533333333333333,14.70752688172043,14.903225806451612,14.903225806451612,14.903225806451612,15.580645161290324,16.483870967741936,16.483870967741936,16.483870967741936,16.483870967741936,16.1,16.1,16.1,16.1,14.6,14.0,14.0,14.0,13.866666666666667,13.533333333333333,13.533333333333333,13.533333333333333,13.533333333333333,14.903225806451612,14.903225806451612,14.903225806451612,14.903225806451612,0
product-X,HAM_D,2026,11.161290322580644,8.35483870967742,8.35483870967742,8.35483870967742,8.732718894009217,11.0,11.0,11.0,11.202764976958525,12.419354838709676,12.419354838709676,12.419354838709676,12.419354838709676,11.548387096774192,11.2,11.2,11.2,11.33548387096774,11.516129032258064,11.516129032258064,11.516129032258064,11.516129032258064,13.533333333333333,13.533333333333333,13.533333333333333,13.533333333333333,14.511827956989247,14.903225806451612,14.903225806451612,14.903225806451612,15.35483870967742,16.483870967741936,16.483870967741936,16.483870967741936,16.483870967741936,16.15483870967742,16.1,16.1,16.1,14.899999999999999,14.0,14.0,14.0,13.933333333333334,13.533333333333333,13.533333333333333,13.533333333333333,13.533333333333333,14.70752688172043,14.903225806451612,14.903225806451612,14.903225806451612,12.096774193548386
product-X,HAM_D,2027,8.35483870967742,8.35483870967742,8.35483870967742,8.35483870967742,11.0,11.0,11.0,11.0,12.419354838709676,12.419354838709676,12.419354838709676,12.419354838709676,11.722580645161289,11.2,11.2,11.2,11.29032258064516,11.516129032258064,11.516129032258064,11.516129032258064,11.516129032258064,13.245161290322581,13.533333333333333,13.533333333333333,13.533333333333333,14.316129032258065,14.903225806451612,14.903225806451612,14.903225806451612,15.129032258064516,16.483870967741936,16.483870967741936,16.483870967741936,16.483870967741936,16.20967741935484,16.1,16.1,16.1,15.2,14.0,14.0,14.0,14.0,13.533333333333333,13.533333333333333,13.533333333333333,13.533333333333333,14.511827956989247,14.903225806451612,14.903225806451612,14.903225806451612,13.032258064516128,0
product-X,HAM_D,2028,8.35483870967742,8.35483870967742,8.35483870967742,8.35483870967742,10.296996662958845,10.620689655172415,10.620689655172415,10.620689655172415,11.905450500556173,12.419354838709676,12.419354838709676,12.419354838709676,12.070967741935483,11.2,11.2,11.2,11.2,11.516129032258064,11.516129032258064,11.516129032258064,11.516129032258064,12.668817204301076,13.533333333333333,13.533333333333333,13.533333333333333,13.924731182795698,14.903225806451612,14.903225806451612,14.903225806451612,14.903225806451612,16.258064516129036,16.483870967741936,16.483870967741936,16.483870967741936,16.31935483870968,16.1,16.1,16.1,15.8,14.0,14.0,14.0,14.0,13.666666666666668,13.533333333333333,13.533333333333333,13.533333333333333,14.120430107526882,14.903225806451612,14.903225806451612,14.903225806451612,14.903225806451612,0
product-X,HAM_I,2023,0.0,0.0,0.0,0.0,0.0,0.0,0.0,0.0,0.0,0.0,0.0,0.0,0.0,0.0,0.0,0.0,0.0,0.0,0.0,0.0,0.0,0.0,0.0,0.0,0.0,0.0,0.0,0.0,0.0,0.0,0.0,0.0,0.0,0.0,0.0,0.0,0.0,0.0,0.0,0.0,0.0,0.0,0.0,0.0,0.0,0.0,0.0,0.0,0.0,0.0,0.0,0.0,0
product-X,HAM_I,2024,8.35483870967742,8.35483870967742,8.35483870967742,8.35483870967742,9.649610678531703,10.620689655172415,10.620689655172415,10.620689655172415,11.391546162402669,12.419354838709676,12.419354838709676,12.419354838709676,12.419354838709676,11.2,11.2,11.2,11.2,11.425806451612903,11.516129032258064,11.516129032258064,11.516129032258064,12.092473118279571,13.533333333333333,13.533333333333333,13.533333333333333,13.533333333333333,14.903225806451612,14.903225806451612,14.903225806451612,14.903225806451612,15.806451612903228,16.483870967741936,16.483870967741936,16.483870967741936,16.429032258064517,16.1,16.1,16.1,16.1,14.3,14.0,14.0,14.0,13.8,13.533333333333333,13.533333333333333,13.533333333333333,13.729032258064516,14.903225806451612,14.903225806451612,14.903225806451612,14.903225806451612,0
product-X,HAM_I,2025,10.225806451612902,8.35483870967742,8.35483870967742,8.35483870967742,9.110599078341014,11.0,11.0,11.0,11.40552995391705,12.419354838709676,12.419354838709676,12.419354838709676,12.419354838709676,11.374193548387096,11.2,11.2,11.2,11.380645161290323,11.516129032258064,11.516129032258064,11.516129032258064,11.804301075268818,13.533333333333333,13.533333333333333,13.533333333333333,13.533333333333333,14.70752688172043,14.903225806451612,14.903225806451612,14.903225806451612,15.580645161290324,16.483870967741936,16.483870967741936,16.483870967741936,16.483870967741936,16.1,16.1,16.1,16.1,14.6,14.0,14.0,14.0,13.866666666666667,13.533333333333333,13.533333333333333,13.533333333333333,13.533333333333333,14.903225806451612,14.903225806451612,14.903225806451612,14.903225806451612,0
product-X,HAM_I,2026,11.161290322580644,8.35483870967742,8.35483870967742,8.35483870967742,8.732718894009217,11.0,11.0,11.0,11.202764976958525,12.419354838709676,12.419354838709676,12.419354838709676,12.419354838709676,11.548387096774192,11.2,11.2,11.2,11.33548387096774,11.516129032258064,11.516129032258064,11.516129032258064,11.516129032258064,13.533333333333333,13.533333333333333,13.533333333333333,13.533333333333333,14.511827956989247,14.903225806451612,14.903225806451612,14.903225806451612,15.35483870967742,16.483870967741936,16.483870967741936,16.483870967741936,16.483870967741936,16.15483870967742,16.1,16.1,16.1,14.899999999999999,14.0,14.0,14.0,13.933333333333334,13.533333333333333,13.533333333333333,13.533333333333333,13.533333333333333,14.70752688172043,14.903225806451612,14.903225806451612,14.903225806451612,12.096774193548386
product-X,HAM_I,2027,8.35483870967742,8.35483870967742,8.35483870967742,8.35483870967742,11.0,11.0,11.0,11.0,12.419354838709676,12.419354838709676,12.419354838709676,12.419354838709676,11.722580645161289,11.2,11.2,11.2,11.29032258064516,11.516129032258064,11.516129032258064,11.516129032258064,11.516129032258064,13.245161290322581,13.533333333333333,13.533333333333333,13.533333333333333,14.316129032258065,14.903225806451612,14.903225806451612,14.903225806451612,15.129032258064516,16.483870967741936,16.483870967741936,16.483870967741936,16.483870967741936,16.20967741935484,16.1,16.1,16.1,15.2,14.0,14.0,14.0,14.0,13.533333333333333,13.533333333333333,13.533333333333333,13.533333333333333,14.511827956989247,14.903225806451612,14.903225806451612,14.903225806451612,13.032258064516128,0
product-X,HAM_I,2028,8.35483870967742,8.35483870967742,8.35483870967742,8.35483870967742,10.296996662958845,10.620689655172415,10.620689655172415,10.620689655172415,11.905450500556173,12.419354838709676,12.419354838709676,12.419354838709676,12.070967741935483,11.2,11.2,11.2,11.2,11.516129032258064,11.516129032258064,11.516129032258064,11.516129032258064,12.668817204301076,13.533333333333333,13.533333333333333,13.533333333333333,13.924731182795698,14.903225806451612,14.903225806451612,14.903225806451612,14.903225806451612,16.258064516129036,16.483870967741936,16.483870967741936,16.483870967741936,16.31935483870968,16.1,16.1,16.1,15.8,14.0,14.0,14.0,14.0,13.666666666666668,13.533333333333333,13.533333333333333,13.533333333333333,14.120430107526882,14.903225806451612,14.903225806451612,14.903225806451612,14.903225806451612,0
product-X,HAM_N,2023,0.0,0.0,0.0,0.0,0.0,0.0,0.0,0.0,0.0,0.0,0.0,0.0,0.0,0.0,0.0,0.0,0.0,0.0,0.0,0.0,0.0,0.0,0.0,0.0,0.0,0.0,0.0,0.0,0.0,0.0,0.0,0.0,0.0,0.0,0.0,0.0,0.0,0.0,0.0,0.0,0.0,0.0,0.0,0.0,0.0,0.0,0.0,0.0,0.0,0.0,0.0,0.0,0
product-X,HAM_N,2024,8.35483870967742,8.35483870967742,8.35483870967742,8.35483870967742,9.649610678531703,10.620689655172415,10.620689655172415,10.620689655172415,11.391546162402669,12.419354838709676,12.419354838709676,12.419354838709676,12.419354838709676,11.2,11.2,11.2,11.2,11.425806451612903,11.516129032258064,11.516129032258064,11.516129032258064,12.092473118279571,13.533333333333333,13.533333333333333,13.533333333333333,13.533333333333333,14.903225806451612,14.903225806451612,14.903225806451612,14.903225806451612,15.806451612903228,16.483870967741936,16.483870967741936,16.483870967741936,16.429032258064517,16.1,16.1,16.1,16.1,14.3,14.0,14.0,14.0,13.8,13.533333333333333,13.533333333333333,13.533333333333333,13.729032258064516,14.903225806451612,14.903225806451612,14.903225806451612,14.903225806451612,0
product-X,HAM_N,2025,10.225806451612902,8.35483870967742,8.35483870967742,8.35483870967742,9.110599078341014,11.0,11.0,11.0,11.40552995391705,12.419354838709676,12.419354838709676,12.419354838709676,12.419354838709676,11.374193548387096,11.2,11.2,11.2,11.380645161290323,11.516129032258064,11.516129032258064,11.516129032258064,11.804301075268818,13.533333333333333,13.533333333333333,13.533333333333333,13.533333333333333,14.70752688172043,14.903225806451612,14.903225806451612,14.903225806451612,15.580645161290324,16.483870967741936,16.483870967741936,16.483870967741936,16.483870967741936,16.1,16.1,16.1,16.1,14.6,14.0,14.0,14.0,13.866666666666667,13.533333333333333,13.533333333333333,13.533333333333333,13.533333333333333,14.903225806451612,14.903225806451612,14.903225806451612,14.903225806451612,0
product-X,HAM_N,2026,11.161290322580644,8.35483870967742,8.35483870967742,8.35483870967742,8.732718894009217,11.0,11.0,11.0,11.202764976958525,12.419354838709676,12.419354838709676,12.419354838709676,12.419354838709676,11.548387096774192,11.2,11.2,11.2,11.33548387096774,11.516129032258064,11.516129032258064,11.516129032258064,11.516129032258064,13.533333333333333,13.533333333333333,13.533333333333333,13.533333333333333,14.511827956989247,14.903225806451612,14.903225806451612,14.903225806451612,15.35483870967742,16.483870967741936,16.483870967741936,16.483870967741936,16.483870967741936,16.15483870967742,16.1,16.1,16.1,14.899999999999999,14.0,14.0,14.0,13.933333333333334,13.533333333333333,13.533333333333333,13.533333333333333,13.533333333333333,14.70752688172043,14.903225806451612,14.903225806451612,14.903225806451612,12.096774193548386
product-X,HAM_N,2027,8.35483870967742,8.35483870967742,8.35483870967742,8.35483870967742,11.0,11.0,11.0,11.0,12.419354838709676,12.419354838709676,12.419354838709676,12.419354838709676,11.722580645161289,11.2,11.2,11.2,11.29032258064516,11.516129032258064,11.516129032258064,11.516129032258064,11.516129032258064,13.245161290322581,13.533333333333333,13.533333333333333,13.533333333333333,14.316129032258065,14.903225806451612,14.903225806451612,14.903225806451612,15.129032258064516,16.483870967741936,16.483870967741936,16.483870967741936,16.483870967741936,16.20967741935484,16.1,16.1,16.1,15.2,14.0,14.0,14.0,14.0,13.533333333333333,13.533333333333333,13.533333333333333,13.533333333333333,14.511827956989247,14.903225806451612,14.903225806451612,14.903225806451612,13.032258064516128,0
product-X,HAM_N,2028,8.35483870967742,8.35483870967742,8.35483870967742,8.35483870967742,10.296996662958845,10.620689655172415,10.620689655172415,10.620689655172415,11.905450500556173,12.419354838709676,12.419354838709676,12.419354838709676,12.070967741935483,11.2,11.2,11.2,11.2,11.516129032258064,11.516129032258064,11.516129032258064,11.516129032258064,12.668817204301076,13.533333333333333,13.533333333333333,13.533333333333333,13.924731182795698,14.903225806451612,14.903225806451612,14.903225806451612,14.903225806451612,16.258064516129036,16.483870967741936,16.483870967741936,16.483870967741936,16.31935483870968,16.1,16.1,16.1,15.8,14.0,14.0,14.0,14.0,13.666666666666668,13.533333333333333,13.533333333333333,13.533333333333333,14.120430107526882,14.903225806451612,14.903225806451612,14.903225806451612,14.903225806451612,0
product-X,JPN,2023,0.0,0.0,0.0,0.0,0.0,0.0,0.0,0.0,0.0,0.0,0.0,0.0,0.0,0.0,0.0,0.0,0.0,0.0,0.0,0.0,0.0,0.0,0.0,0.0,0.0,0.0,0.0,0.0,0.0,0.0,0.0,0.0,0.0,0.0,0.0,0.0,0.0,0.0,0.0,0.0,0.0,0.0,0.0,0.0,0.0,0.0,0.0,0.0,0.0,0.0,0.0,0.0,0
product-X,JPN,2024,0.0,0.0,0.0,0.0,0.0,0.0,0.0,0.0,0.0,0.0,0.0,0.0,0.0,0.0,0.0,0.0,0.0,0.0,0.0,0.0,0.0,0.0,0.0,0.0,0.0,0.0,0.0,0.0,0.0,0.0,0.0,0.0,0.0,0.0,0.0,0.0,0.0,0.0,0.0,0.0,0.0,0.0,0.0,0.0,0.0,0.0,0.0,0.0,0.0,0.0,0.0,0.0,0
product-X,JPN,2025,0.0,0.0,0.0,0.0,0.0,0.0,0.0,0.0,0.0,0.0,0.0,0.0,0.0,0.0,0.0,0.0,0.0,0.0,0.0,0.0,0.0,0.0,0.0,0.0,0.0,0.0,0.0,0.0,0.0,0.0,0.0,0.0,0.0,0.0,0.0,0.0,0.0,0.0,0.0,0.0,0.0,0.0,0.0,0.0,0.0,0.0,0.0,0.0,0.0,0.0,0.0,0.0,0
product-X,JPN,2026,0.0,0.0,0.0,0.0,0.0,0.0,0.0,0.0,0.0,0.0,0.0,0.0,0.0,0.0,0.0,0.0,0.0,0.0,0.0,0.0,0.0,0.0,0.0,0.0,0.0,0.0,0.0,0.0,0.0,0.0,0.0,0.0,0.0,0.0,0.0,0.0,0.0,0.0,0.0,0.0,0.0,0.0,0.0,0.0,0.0,0.0,0.0,0.0,0.0,0.0,0.0,0.0,0.0
product-X,JPN,2027,0.0,0.0,0.0,0.0,0.0,0.0,0.0,0.0,0.0,0.0,0.0,0.0,0.0,0.0,0.0,0.0,0.0,0.0,0.0,0.0,0.0,0.0,0.0,0.0,0.0,0.0,0.0,0.0,0.0,0.0,0.0,0.0,0.0,0.0,0.0,0.0,0.0,0.0,0.0,0.0,0.0,0.0,0.0,0.0,0.0,0.0,0.0,0.0,0.0,0.0,0.0,0.0,0
product-X,JPN,2028,0.0,0.0,0.0,0.0,0.0,0.0,0.0,0.0,0.0,0.0,0.0,0.0,0.0,0.0,0.0,0.0,0.0,0.0,0.0,0.0,0.0,0.0,0.0,0.0,0.0,0.0,0.0,0.0,0.0,0.0,0.0,0.0,0.0,0.0,0.0,0.0,0.0,0.0,0.0,0.0,0.0,0.0,0.0,0.0,0.0,0.0,0.0,0.0,0.0,0.0,0.0,0.0,0
product-X,MUC,2023,0.0,0.0,0.0,0.0,0.0,0.0,0.0,0.0,0.0,0.0,0.0,0.0,0.0,0.0,0.0,0.0,0.0,0.0,0.0,0.0,0.0,0.0,0.0,0.0,0.0,0.0,0.0,0.0,0.0,0.0,0.0,0.0,0.0,0.0,0.0,0.0,0.0,0.0,0.0,0.0,0.0,0.0,0.0,0.0,0.0,0.0,0.0,0.0,0.0,0.0,0.0,0.0,0
product-X,MUC,2024,0.0,0.0,0.0,0.0,0.0,0.0,0.0,0.0,0.0,0.0,0.0,0.0,0.0,0.0,0.0,0.0,0.0,0.0,0.0,0.0,0.0,0.0,0.0,0.0,0.0,0.0,0.0,0.0,0.0,0.0,0.0,0.0,0.0,0.0,0.0,0.0,0.0,0.0,0.0,0.0,0.0,0.0,0.0,0.0,0.0,0.0,0.0,0.0,0.0,0.0,0.0,0.0,0
product-X,MUC,2025,0.0,0.0,0.0,0.0,0.0,0.0,0.0,0.0,0.0,0.0,0.0,0.0,0.0,0.0,0.0,0.0,0.0,0.0,0.0,0.0,0.0,0.0,0.0,0.0,0.0,0.0,0.0,0.0,0.0,0.0,0.0,0.0,0.0,0.0,0.0,0.0,0.0,0.0,0.0,0.0,0.0,0.0,0.0,0.0,0.0,0.0,0.0,0.0,0.0,0.0,0.0,0.0,0
product-X,MUC,2026,0.0,0.0,0.0,0.0,0.0,0.0,0.0,0.0,0.0,0.0,0.0,0.0,0.0,0.0,0.0,0.0,0.0,0.0,0.0,0.0,0.0,0.0,0.0,0.0,0.0,0.0,0.0,0.0,0.0,0.0,0.0,0.0,0.0,0.0,0.0,0.0,0.0,0.0,0.0,0.0,0.0,0.0,0.0,0.0,0.0,0.0,0.0,0.0,0.0,0.0,0.0,0.0,0.0
product-X,MUC,2027,0.0,0.0,0.0,0.0,0.0,0.0,0.0,0.0,0.0,0.0,0.0,0.0,0.0,0.0,0.0,0.0,0.0,0.0,0.0,0.0,0.0,0.0,0.0,0.0,0.0,0.0,0.0,0.0,0.0,0.0,0.0,0.0,0.0,0.0,0.0,0.0,0.0,0.0,0.0,0.0,0.0,0.0,0.0,0.0,0.0,0.0,0.0,0.0,0.0,0.0,0.0,0.0,0
product-X,MUC,2028,0.0,0.0,0.0,0.0,0.0,0.0,0.0,0.0,0.0,0.0,0.0,0.0,0.0,0.0,0.0,0.0,0.0,0.0,0.0,0.0,0.0,0.0,0.0,0.0,0.0,0.0,0.0,0.0,0.0,0.0,0.0,0.0,0.0,0.0,0.0,0.0,0.0,0.0,0.0,0.0,0.0,0.0,0.0,0.0,0.0,0.0,0.0,0.0,0.0,0.0,0.0,0.0,0
product-X,MUC_D,2023,0.0,0.0,0.0,0.0,0.0,0.0,0.0,0.0,0.0,0.0,0.0,0.0,0.0,0.0,0.0,0.0,0.0,0.0,0.0,0.0,0.0,0.0,0.0,0.0,0.0,0.0,0.0,0.0,0.0,0.0,0.0,0.0,0.0,0.0,0.0,0.0,0.0,0.0,0.0,0.0,0.0,0.0,0.0,0.0,0.0,0.0,0.0,0.0,0.0,0.0,0.0,0.0,0
product-X,MUC_D,2024,5.419354838709678,5.419354838709678,5.419354838709678,5.419354838709678,6.32258064516129,7.0,7.0,7.0,7.580645161290322,8.35483870967742,8.35483870967742,8.35483870967742,8.35483870967742,7.466666666666666,7.466666666666666,7.466666666666666,7.466666666666666,7.617204301075268,7.677419354838709,7.677419354838709,7.677419354838709,8.083870967741936,9.1,9.1,9.1,9.1,9.935483870967744,9.935483870967744,9.935483870967744,9.935483870967744,10.58064516129032,11.064516129032256,11.064516129032256,11.064516129032256,11.017204301075267,10.733333333333334,10.733333333333334,10.733333333333334,10.733333333333334,9.468817204301075,9.258064516129032,9.258064516129032,9.258064516129032,9.19032258064516,9.1,9.1,9.1,9.219354838709677,9.935483870967744,9.935483870967744,9.935483870967744,9.935483870967744,0
product-X,MUC_D,2025,6.70967741935484,5.419354838709678,5.419354838709678,5.419354838709678,5.942396313364055,7.25,7.25,7.25,7.565668202764977,8.35483870967742,8.35483870967742,8.35483870967742,8.35483870967742,7.5935483870967735,7.466666666666666,7.466666666666666,7.466666666666666,7.587096774193548,7.677419354838709,7.677419354838709,7.677419354838709,7.880645161290322,9.1,9.1,9.1,9.1,9.816129032258067,9.935483870967744,9.935483870967744,9.935483870967744,10.419354838709676,11.064516129032256,11.064516129032256,11.064516129032256,11.064516129032256,10.733333333333334,10.733333333333334,10.733333333333334,10.733333333333334,9.679569892473118,9.258064516129032,9.258064516129032,9.258064516129032,9.212903225806452,9.1,9.1,9.1,9.1,9.935483870967744,9.935483870967744,9.935483870967744,9.935483870967744,0
product-X,MUC_D,2026,7.35483870967742,5.419354838709678,5.419354838709678,5.419354838709678,5.6808755760368665,7.25,7.25,7.25,7.407834101382488,8.35483870967742,8.35483870967742,8.35483870967742,8.35483870967742,7.720430107526881,7.466666666666666,7.466666666666666,7.466666666666666,7.556989247311828,7.677419354838709,7.677419354838709,7.677419354838709,7.677419354838709,9.1,9.1,9.1,9.1,9.69677419354839,9.935483870967744,9.935483870967744,9.935483870967744,10.258064516129032,11.064516129032256,11.064516129032256,11.064516129032256,11.064516129032256,10.780645161290323,10.733333333333334,10.733333333333334,10.733333333333334,9.890322580645162,9.258064516129032,9.258064516129032,9.258064516129032,9.235483870967741,9.1,9.1,9.1,9.1,9.816129032258067,9.935483870967744,9.935483870967744,9.935483870967744,8.0
product-X,MUC_D,2027,5.419354838709678,5.419354838709678,5.419354838709678,5.419354838709678,7.25,7.25,7.25,7.25,8.35483870967742,8.35483870967742,8.35483870967742,8.35483870967742,7.847311827956989,7.466666666666666,7.466666666666666,7.466666666666666,7.526881720430107,7.677419354838709,7.677419354838709,7.677419354838709,7.677419354838709,8.896774193548387,9.1,9.1,9.1,9.577419354838712,9.935483870967744,9.935483870967744,9.935483870967744,10.096774193548388,11.064516129032256,11.064516129032256,11.064516129032256,11.064516129032256,10.827956989247312,10.733333333333334,10.733333333333334,10.733333333333334,10.101075268817205,9.258064516129032,9.258064516129032,9.258064516129032,9.258064516129032,9.1,9.1,9.1,9.1,9.69677419354839,9.935483870967744,9.935483870967744,9.935483870967744,8.645161290322582,0
product-X,MUC_D,2028,5.419354838709678,5.419354838709678,5.419354838709678,5.419354838709678,6.774193548387097,7.0,7.0,7.0,7.96774193548387,8.35483870967742,8.35483870967742,8.35483870967742,8.101075268817205,7.466666666666666,7.466666666666666,7.466666666666666,7.466666666666666,7.677419354838709,7.677419354838709,7.677419354838709,7.677419354838709,8.490322580645161,9.1,9.1,9.1,9.338709677419356,9.935483870967744,9.935483870967744,9.935483870967744,9.935483870967744,10.90322580645161,11.064516129032256,11.064516129032256,11.064516129032256,10.92258064516129,10.733333333333334,10.733333333333334,10.733333333333334,10.522580645161291,9.258064516129032,9.258064516129032,9.258064516129032,9.258064516129032,9.14516129032258,9.1,9.1,9.1,9.458064516129033,9.935483870967744,9.935483870967744,9.935483870967744,9.935483870967744,0
product-X,MUC_I,2023,0.0,0.0,0.0,0.0,0.0,0.0,0.0,0.0,0.0,0.0,0.0,0.0,0.0,0.0,0.0,0.0,0.0,0.0,0.0,0.0,0.0,0.0,0.0,0.0,0.0,0.0,0.0,0.0,0.0,0.0,0.0,0.0,0.0,0.0,0.0,0.0,0.0,0.0,0.0,0.0,0.0,0.0,0.0,0.0,0.0,0.0,0.0,0.0,0.0,0.0,0.0,0.0,0
product-X,MUC_I,2024,5.419354838709678,5.419354838709678,5.419354838709678,5.419354838709678,6.32258064516129,7.0,7.0,7.0,7.580645161290322,8.35483870967742,8.35483870967742,8.35483870967742,8.35483870967742,7.466666666666666,7.466666666666666,7.466666666666666,7.466666666666666,7.617204301075268,7.677419354838709,7.677419354838709,7.677419354838709,8.083870967741936,9.1,9.1,9.1,9.1,9.935483870967744,9.935483870967744,9.935483870967744,9.935483870967744,10.58064516129032,11.064516129032256,11.064516129032256,11.064516129032256,11.017204301075267,10.733333333333334,10.733333333333334,10.733333333333334,10.733333333333334,9.468817204301075,9.258064516129032,9.258064516129032,9.258064516129032,9.19032258064516,9.1,9.1,9.1,9.219354838709677,9.935483870967744,9.935483870967744,9.935483870967744,9.935483870967744,0
product-X,MUC_I,2025,6.70967741935484,5.419354838709678,5.419354838709678,5.419354838709678,5.942396313364055,7.25,7.25,7.25,7.565668202764977,8.35483870967742,8.35483870967742,8.35483870967742,8.35483870967742,7.5935483870967735,7.466666666666666,7.466666666666666,7.466666666666666,7.587096774193548,7.677419354838709,7.677419354838709,7.677419354838709,7.880645161290322,9.1,9.1,9.1,9.1,9.816129032258067,9.935483870967744,9.935483870967744,9.935483870967744,10.419354838709676,11.064516129032256,11.064516129032256,11.064516129032256,11.064516129032256,10.733333333333334,10.733333333333334,10.733333333333334,10.733333333333334,9.679569892473118,9.258064516129032,9.258064516129032,9.258064516129032,9.212903225806452,9.1,9.1,9.1,9.1,9.935483870967744,9.935483870967744,9.935483870967744,9.935483870967744,0
product-X,MUC_I,2026,7.35483870967742,5.419354838709678,5.419354838709678,5.419354838709678,5.6808755760368665,7.25,7.25,7.25,7.407834101382488,8.35483870967742,8.35483870967742,8.35483870967742,8.35483870967742,7.720430107526881,7.466666666666666,7.466666666666666,7.466666666666666,7.556989247311828,7.677419354838709,7.677419354838709,7.677419354838709,7.677419354838709,9.1,9.1,9.1,9.1,9.69677419354839,9.935483870967744,9.935483870967744,9.935483870967744,10.258064516129032,11.064516129032256,11.064516129032256,11.064516129032256,11.064516129032256,10.780645161290323,10.733333333333334,10.733333333333334,10.733333333333334,9.890322580645162,9.258064516129032,9.258064516129032,9.258064516129032,9.235483870967741,9.1,9.1,9.1,9.1,9.816129032258067,9.935483870967744,9.935483870967744,9.935483870967744,8.0
product-X,MUC_I,2027,5.419354838709678,5.419354838709678,5.419354838709678,5.419354838709678,7.25,7.25,7.25,7.25,8.35483870967742,8.35483870967742,8.35483870967742,8.35483870967742,7.847311827956989,7.466666666666666,7.466666666666666,7.466666666666666,7.526881720430107,7.677419354838709,7.677419354838709,7.677419354838709,7.677419354838709,8.896774193548387,9.1,9.1,9.1,9.577419354838712,9.935483870967744,9.935483870967744,9.935483870967744,10.096774193548388,11.064516129032256,11.064516129032256,11.064516129032256,11.064516129032256,10.827956989247312,10.733333333333334,10.733333333333334,10.733333333333334,10.101075268817205,9.258064516129032,9.258064516129032,9.258064516129032,9.258064516129032,9.1,9.1,9.1,9.1,9.69677419354839,9.935483870967744,9.935483870967744,9.935483870967744,8.645161290322582,0
product-X,MUC_I,2028,5.419354838709678,5.419354838709678,5.419354838709678,5.419354838709678,6.774193548387097,7.0,7.0,7.0,7.96774193548387,8.35483870967742,8.35483870967742,8.35483870967742,8.101075268817205,7.466666666666666,7.466666666666666,7.466666666666666,7.466666666666666,7.677419354838709,7.677419354838709,7.677419354838709,7.677419354838709,8.490322580645161,9.1,9.1,9.1,9.338709677419356,9.935483870967744,9.935483870967744,9.935483870967744,9.935483870967744,10.90322580645161,11.064516129032256,11.064516129032256,11.064516129032256,10.92258064516129,10.733333333333334,10.733333333333334,10.733333333333334,10.522580645161291,9.258064516129032,9.258064516129032,9.258064516129032,9.258064516129032,9.14516129032258,9.1,9.1,9.1,9.458064516129033,9.935483870967744,9.935483870967744,9.935483870967744,9.935483870967744,0
product-X,MUC_N,2023,0.0,0.0,0.0,0.0,0.0,0.0,0.0,0.0,0.0,0.0,0.0,0.0,0.0,0.0,0.0,0.0,0.0,0.0,0.0,0.0,0.0,0.0,0.0,0.0,0.0,0.0,0.0,0.0,0.0,0.0,0.0,0.0,0.0,0.0,0.0,0.0,0.0,0.0,0.0,0.0,0.0,0.0,0.0,0.0,0.0,0.0,0.0,0.0,0.0,0.0,0.0,0.0,0
product-X,MUC_N,2024,5.419354838709678,5.419354838709678,5.419354838709678,5.419354838709678,6.32258064516129,7.0,7.0,7.0,7.580645161290322,8.35483870967742,8.35483870967742,8.35483870967742,8.35483870967742,7.466666666666666,7.466666666666666,7.466666666666666,7.466666666666666,7.617204301075268,7.677419354838709,7.677419354838709,7.677419354838709,8.083870967741936,9.1,9.1,9.1,9.1,9.935483870967744,9.935483870967744,9.935483870967744,9.935483870967744,10.58064516129032,11.064516129032256,11.064516129032256,11.064516129032256,11.017204301075267,10.733333333333334,10.733333333333334,10.733333333333334,10.733333333333334,9.468817204301075,9.258064516129032,9.258064516129032,9.258064516129032,9.19032258064516,9.1,9.1,9.1,9.219354838709677,9.935483870967744,9.935483870967744,9.935483870967744,9.935483870967744,0
product-X,MUC_N,2025,6.70967741935484,5.419354838709678,5.419354838709678,5.419354838709678,5.942396313364055,7.25,7.25,7.25,7.565668202764977,8.35483870967742,8.35483870967742,8.35483870967742,8.35483870967742,7.5935483870967735,7.466666666666666,7.466666666666666,7.466666666666666,7.587096774193548,7.677419354838709,7.677419354838709,7.677419354838709,7.880645161290322,9.1,9.1,9.1,9.1,9.816129032258067,9.935483870967744,9.935483870967744,9.935483870967744,10.419354838709676,11.064516129032256,11.064516129032256,11.064516129032256,11.064516129032256,10.733333333333334,10.733333333333334,10.733333333333334,10.733333333333334,9.679569892473118,9.258064516129032,9.258064516129032,9.258064516129032,9.212903225806452,9.1,9.1,9.1,9.1,9.935483870967744,9.935483870967744,9.935483870967744,9.935483870967744,0
product-X,MUC_N,2026,7.35483870967742,5.419354838709678,5.419354838709678,5.419354838709678,5.6808755760368665,7.25,7.25,7.25,7.407834101382488,8.35483870967742,8.35483870967742,8.35483870967742,8.35483870967742,7.720430107526881,7.466666666666666,7.466666666666666,7.466666666666666,7.556989247311828,7.677419354838709,7.677419354838709,7.677419354838709,7.677419354838709,9.1,9.1,9.1,9.1,9.69677419354839,9.935483870967744,9.935483870967744,9.935483870967744,10.258064516129032,11.064516129032256,11.064516129032256,11.064516129032256,11.064516129032256,10.780645161290323,10.733333333333334,10.733333333333334,10.733333333333334,9.890322580645162,9.258064516129032,9.258064516129032,9.258064516129032,9.235483870967741,9.1,9.1,9.1,9.1,9.816129032258067,9.935483870967744,9.935483870967744,9.935483870967744,8.0
product-X,MUC_N,2027,5.419354838709678,5.419354838709678,5.419354838709678,5.419354838709678,7.25,7.25,7.25,7.25,8.35483870967742,8.35483870967742,8.35483870967742,8.35483870967742,7.847311827956989,7.466666666666666,7.466666666666666,7.466666666666666,7.526881720430107,7.677419354838709,7.677419354838709,7.677419354838709,7.677419354838709,8.896774193548387,9.1,9.1,9.1,9.577419354838712,9.935483870967744,9.935483870967744,9.935483870967744,10.096774193548388,11.064516129032256,11.064516129032256,11.064516129032256,11.064516129032256,10.827956989247312,10.733333333333334,10.733333333333334,10.733333333333334,10.101075268817205,9.258064516129032,9.258064516129032,9.258064516129032,9.258064516129032,9.1,9.1,9.1,9.1,9.69677419354839,9.935483870967744,9.935483870967744,9.935483870967744,8.645161290322582,0
product-X,MUC_N,2028,5.419354838709678,5.419354838709678,5.419354838709678,5.419354838709678,6.774193548387097,7.0,7.0,7.0,7.96774193548387,8.35483870967742,8.35483870967742,8.35483870967742,8.101075268817205,7.466666666666666,7.466666666666666,7.466666666666666,7.466666666666666,7.677419354838709,7.677419354838709,7.677419354838709,7.677419354838709,8.490322580645161,9.1,9.1,9.1,9.338709677419356,9.935483870967744,9.935483870967744,9.935483870967744,9.935483870967744,10.90322580645161,11.064516129032256,11.064516129032256,11.064516129032256,10.92258064516129,10.733333333333334,10.733333333333334,10.733333333333334,10.522580645161291,9.258064516129032,9.258064516129032,9.258064516129032,9.258064516129032,9.14516129032258,9.1,9.1,9.1,9.458064516129033,9.935483870967744,9.935483870967744,9.935483870967744,9.935483870967744,0
product-X,SHA,2023,0.0,0.0,0.0,0.0,0.0,0.0,0.0,0.0,0.0,0.0,0.0,0.0,0.0,0.0,0.0,0.0,0.0,0.0,0.0,0.0,0.0,0.0,0.0,0.0,0.0,0.0,0.0,0.0,0.0,0.0,0.0,0.0,0.0,0.0,0.0,0.0,0.0,0.0,0.0,0.0,0.0,0.0,0.0,0.0,0.0,0.0,0.0,0.0,0.0,0.0,0.0,0.0,0
product-X,SHA,2024,0.0,0.0,0.0,0.0,0.0,0.0,0.0,0.0,0.0,0.0,0.0,0.0,0.0,0.0,0.0,0.0,0.0,0.0,0.0,0.0,0.0,0.0,0.0,0.0,0.0,0.0,0.0,0.0,0.0,0.0,0.0,0.0,0.0,0.0,0.0,0.0,0.0,0.0,0.0,0.0,0.0,0.0,0.0,0.0,0.0,0.0,0.0,0.0,0.0,0.0,0.0,0.0,0
product-X,SHA,2025,0.0,0.0,0.0,0.0,0.0,0.0,0.0,0.0,0.0,0.0,0.0,0.0,0.0,0.0,0.0,0.0,0.0,0.0,0.0,0.0,0.0,0.0,0.0,0.0,0.0,0.0,0.0,0.0,0.0,0.0,0.0,0.0,0.0,0.0,0.0,0.0,0.0,0.0,0.0,0.0,0.0,0.0,0.0,0.0,0.0,0.0,0.0,0.0,0.0,0.0,0.0,0.0,0
product-X,SHA,2026,0.0,0.0,0.0,0.0,0.0,0.0,0.0,0.0,0.0,0.0,0.0,0.0,0.0,0.0,0.0,0.0,0.0,0.0,0.0,0.0,0.0,0.0,0.0,0.0,0.0,0.0,0.0,0.0,0.0,0.0,0.0,0.0,0.0,0.0,0.0,0.0,0.0,0.0,0.0,0.0,0.0,0.0,0.0,0.0,0.0,0.0,0.0,0.0,0.0,0.0,0.0,0.0,0.0
product-X,SHA,2027,0.0,0.0,0.0,0.0,0.0,0.0,0.0,0.0,0.0,0.0,0.0,0.0,0.0,0.0,0.0,0.0,0.0,0.0,0.0,0.0,0.0,0.0,0.0,0.0,0.0,0.0,0.0,0.0,0.0,0.0,0.0,0.0,0.0,0.0,0.0,0.0,0.0,0.0,0.0,0.0,0.0,0.0,0.0,0.0,0.0,0.0,0.0,0.0,0.0,0.0,0.0,0.0,0
product-X,SHA,2028,0.0,0.0,0.0,0.0,0.0,0.0,0.0,0.0,0.0,0.0,0.0,0.0,0.0,0.0,0.0,0.0,0.0,0.0,0.0,0.0,0.0,0.0,0.0,0.0,0.0,0.0,0.0,0.0,0.0,0.0,0.0,0.0,0.0,0.0,0.0,0.0,0.0,0.0,0.0,0.0,0.0,0.0,0.0,0.0,0.0,0.0,0.0,0.0,0.0,0.0,0.0,0.0,0
product-X,SHA_D,2023,0.0,0.0,0.0,0.0,0.0,0.0,0.0,0.0,0.0,0.0,0.0,0.0,0.0,0.0,0.0,0.0,0.0,0.0,0.0,0.0,0.0,0.0,0.0,0.0,0.0,0.0,0.0,0.0,0.0,0.0,0.0,0.0,0.0,0.0,0.0,0.0,0.0,0.0,0.0,0.0,0.0,0.0,0.0,0.0,0.0,0.0,0.0,0.0,0.0,0.0,0.0,0.0,0
product-X,SHA_D,2024,55.0967741935484,55.0967741935484,55.0967741935484,55.0967741935484,64.02669632925473,70.72413793103449,70.72413793103449,70.72413793103449,75.73637374860957,82.41935483870967,82.41935483870967,82.41935483870967,82.41935483870967,73.96666666666665,73.96666666666665,73.96666666666665,73.96666666666665,76.13333333333333,77.0,77.0,77.0,81.0,91.0,91.0,91.0,91.0,98.9032258064516,98.9032258064516,98.9032258064516,98.9032258064516,105.2258064516129,109.96774193548386,109.96774193548386,109.96774193548386,109.69139784946236,108.03333333333335,108.03333333333335,108.03333333333335,108.03333333333335,95.56236559139786,93.48387096774195,93.48387096774195,93.48387096774195,92.41935483870968,91.0,91.0,91.0,92.12903225806451,98.9032258064516,98.9032258064516,98.9032258064516,98.9032258064516,0
product-X,SHA_D,2025,67.61290322580646,55.0967741935484,55.0967741935484,55.0967741935484,60.283410138248854,73.25,73.25,73.25,75.86981566820276,82.41935483870967,82.41935483870967,82.41935483870967,82.41935483870967,75.17419354838708,73.96666666666665,73.96666666666665,73.96666666666665,75.7,77.0,77.0,77.0,79.0,91.0,91.0,91.0,91.0,97.77419354838709,98.9032258064516,98.9032258064516,98.9032258064516,103.64516129032256,109.96774193548386,109.96774193548386,109.96774193548386,109.96774193548386,108.03333333333335,108.03333333333335,108.03333333333335,108.03333333333335,97.64086021505378,93.48387096774195,93.48387096774195,93.48387096774195,92.7741935483871,91.0,91.0,91.0,91.0,98.9032258064516,98.9032258064516,98.9032258064516,98.9032258064516,0
product-X,SHA_D,2026,73.8709677419355,55.0967741935484,55.0967741935484,55.0967741935484,57.690092165898626,73.25,73.25,73.25,74.55990783410138,82.41935483870967,82.41935483870967,82.41935483870967,82.41935483870967,76.3817204301075,73.96666666666665,73.96666666666665,73.96666666666665,75.26666666666667,77.0,77.0,77.0,77.0,91.0,91.0,91.0,91.0,96.64516129032256,98.9032258064516,98.9032258064516,98.9032258064516,102.06451612903224,109.96774193548386,109.96774193548386,109.96774193548386,109.96774193548386,108.30967741935486,108.03333333333335,108.03333333333335,108.03333333333335,99.71935483870969,93.48387096774195,93.48387096774195,93.48387096774195,93.12903225806453,91.0,91.0,91.0,91.0,97.77419354838709,98.9032258064516,98.9032258064516,98.9032258064516,80.12903225806453
product-X,SHA_D,2027,55.0967741935484,55.0967741935484,55.0967741935484,55.0967741935484,73.25,73.25,73.25,73.25,82.41935483870967,82.41935483870967,82.41935483870967,82.41935483870967,77.58924731182795,73.96666666666665,73.96666666666665,73.96666666666665,74.83333333333333,77.0,77.0,77.0,77.0,89.0,91.0,91.0,91.0,95.51612903225805,98.9032258064516,98.9032258064516,98.9032258064516,100.48387096774192,109.96774193548386,109.96774193548386,109.96774193548386,109.96774193548386,108.58602150537635,108.03333333333335,108.03333333333335,108.03333333333335,101.7978494623656,93.48387096774195,93.48387096774195,93.48387096774195,93.48387096774195,91.0,91.0,91.0,91.0,96.64516129032256,98.9032258064516,98.9032258064516,98.9032258064516,86.38709677419355,0
product-X,SHA_D,2028,55.0967741935484,55.0967741935484,55.0967741935484,55.0967741935484,68.4916573971079,70.72413793103449,70.72413793103449,70.72413793103449,79.07786429365962,82.41935483870967,82.41935483870967,82.41935483870967,80.00430107526881,73.96666666666665,73.96666666666665,73.96666666666665,73.96666666666665,77.0,77.0,77.0,77.0,85.0,91.0,91.0,91.0,93.25806451612902,98.9032258064516,98.9032258064516,98.9032258064516,98.9032258064516,108.38709677419354,109.96774193548386,109.96774193548386,109.96774193548386,109.13870967741936,108.03333333333335,108.03333333333335,108.03333333333335,105.95483870967743,93.48387096774195,93.48387096774195,93.48387096774195,93.48387096774195,91.70967741935485,91.0,91.0,91.0,94.38709677419354,98.9032258064516,98.9032258064516,98.9032258064516,98.9032258064516,0
product-X,SHA_I,2023,0.0,0.0,0.0,0.0,0.0,0.0,0.0,0.0,0.0,0.0,0.0,0.0,0.0,0.0,0.0,0.0,0.0,0.0,0.0,0.0,0.0,0.0,0.0,0.0,0.0,0.0,0.0,0.0,0.0,0.0,0.0,0.0,0.0,0.0,0.0,0.0,0.0,0.0,0.0,0.0,0.0,0.0,0.0,0.0,0.0,0.0,0.0,0.0,0.0,0.0,0.0,0.0,0
product-X,SHA_I,2024,55.0967741935484,55.0967741935484,55.0967741935484,55.0967741935484,64.02669632925473,70.72413793103449,70.72413793103449,70.72413793103449,75.73637374860957,82.41935483870967,82.41935483870967,82.41935483870967,82.41935483870967,73.96666666666665,73.96666666666665,73.96666666666665,73.96666666666665,76.13333333333333,77.0,77.0,77.0,81.0,91.0,91.0,91.0,91.0,98.9032258064516,98.9032258064516,98.9032258064516,98.9032258064516,105.2258064516129,109.96774193548386,109.96774193548386,109.96774193548386,109.69139784946236,108.03333333333335,108.03333333333335,108.03333333333335,108.03333333333335,95.56236559139786,93.48387096774195,93.48387096774195,93.48387096774195,92.41935483870968,91.0,91.0,91.0,92.12903225806451,98.9032258064516,98.9032258064516,98.9032258064516,98.9032258064516,0
product-X,SHA_I,2025,67.61290322580646,55.0967741935484,55.0967741935484,55.0967741935484,60.283410138248854,73.25,73.25,73.25,75.86981566820276,82.41935483870967,82.41935483870967,82.41935483870967,82.41935483870967,75.17419354838708,73.96666666666665,73.96666666666665,73.96666666666665,75.7,77.0,77.0,77.0,79.0,91.0,91.0,91.0,91.0,97.77419354838709,98.9032258064516,98.9032258064516,98.9032258064516,103.64516129032256,109.96774193548386,109.96774193548386,109.96774193548386,109.96774193548386,108.03333333333335,108.03333333333335,108.03333333333335,108.03333333333335,97.64086021505378,93.48387096774195,93.48387096774195,93.48387096774195,92.7741935483871,91.0,91.0,91.0,91.0,98.9032258064516,98.9032258064516,98.9032258064516,98.9032258064516,0
product-X,SHA_I,2026,73.8709677419355,55.0967741935484,55.0967741935484,55.0967741935484,57.690092165898626,73.25,73.25,73.25,74.55990783410138,82.41935483870967,82.41935483870967,82.41935483870967,82.41935483870967,76.3817204301075,73.96666666666665,73.96666666666665,73.96666666666665,75.26666666666667,77.0,77.0,77.0,77.0,91.0,91.0,91.0,91.0,96.64516129032256,98.9032258064516,98.9032258064516,98.9032258064516,102.06451612903224,109.96774193548386,109.96774193548386,109.96774193548386,109.96774193548386,108.30967741935486,108.03333333333335,108.03333333333335,108.03333333333335,99.71935483870969,93.48387096774195,93.48387096774195,93.48387096774195,93.12903225806453,91.0,91.0,91.0,91.0,97.77419354838709,98.9032258064516,98.9032258064516,98.9032258064516,80.12903225806453
product-X,SHA_I,2027,55.0967741935484,55.0967741935484,55.0967741935484,55.0967741935484,73.25,73.25,73.25,73.25,82.41935483870967,82.41935483870967,82.41935483870967,82.41935483870967,77.58924731182795,73.96666666666665,73.96666666666665,73.96666666666665,74.83333333333333,77.0,77.0,77.0,77.0,89.0,91.0,91.0,91.0,95.51612903225805,98.9032258064516,98.9032258064516,98.9032258064516,100.48387096774192,109.96774193548386,109.96774193548386,109.96774193548386,109.96774193548386,108.58602150537635,108.03333333333335,108.03333333333335,108.03333333333335,101.7978494623656,93.48387096774195,93.48387096774195,93.48387096774195,93.48387096774195,91.0,91.0,91.0,91.0,96.64516129032256,98.9032258064516,98.9032258064516,98.9032258064516,86.38709677419355,0
product-X,SHA_I,2028,55.0967741935484,55.0967741935484,55.0967741935484,55.0967741935484,68.4916573971079,70.72413793103449,70.72413793103449,70.72413793103449,79.07786429365962,82.41935483870967,82.41935483870967,82.41935483870967,80.00430107526881,73.96666666666665,73.96666666666665,73.96666666666665,73.96666666666665,77.0,77.0,77.0,77.0,85.0,91.0,91.0,91.0,93.25806451612902,98.9032258064516,98.9032258064516,98.9032258064516,98.9032258064516,108.38709677419354,109.96774193548386,109.96774193548386,109.96774193548386,109.13870967741936,108.03333333333335,108.03333333333335,108.03333333333335,105.95483870967743,93.48387096774195,93.48387096774195,93.48387096774195,93.48387096774195,91.70967741935485,91.0,91.0,91.0,94.38709677419354,98.9032258064516,98.9032258064516,98.9032258064516,98.9032258064516,0
product-X,SHA_N,2023,0.0,0.0,0.0,0.0,0.0,0.0,0.0,0.0,0.0,0.0,0.0,0.0,0.0,0.0,0.0,0.0,0.0,0.0,0.0,0.0,0.0,0.0,0.0,0.0,0.0,0.0,0.0,0.0,0.0,0.0,0.0,0.0,0.0,0.0,0.0,0.0,0.0,0.0,0.0,0.0,0.0,0.0,0.0,0.0,0.0,0.0,0.0,0.0,0.0,0.0,0.0,0.0,0
product-X,SHA_N,2024,55.0967741935484,55.0967741935484,55.0967741935484,55.0967741935484,64.02669632925473,70.72413793103449,70.72413793103449,70.72413793103449,75.73637374860957,82.41935483870967,82.41935483870967,82.41935483870967,82.41935483870967,73.96666666666665,73.96666666666665,73.96666666666665,73.96666666666665,76.13333333333333,77.0,77.0,77.0,81.0,91.0,91.0,91.0,91.0,98.9032258064516,98.9032258064516,98.9032258064516,98.9032258064516,105.2258064516129,109.96774193548386,109.96774193548386,109.96774193548386,109.69139784946236,108.03333333333335,108.03333333333335,108.03333333333335,108.03333333333335,95.56236559139786,93.48387096774195,93.48387096774195,93.48387096774195,92.41935483870968,91.0,91.0,91.0,92.12903225806451,98.9032258064516,98.9032258064516,98.9032258064516,98.9032258064516,0
product-X,SHA_N,2025,67.61290322580646,55.0967741935484,55.0967741935484,55.0967741935484,60.283410138248854,73.25,73.25,73.25,75.86981566820276,82.41935483870967,82.41935483870967,82.41935483870967,82.41935483870967,75.17419354838708,73.96666666666665,73.96666666666665,73.96666666666665,75.7,77.0,77.0,77.0,79.0,91.0,91.0,91.0,91.0,97.77419354838709,98.9032258064516,98.9032258064516,98.9032258064516,103.64516129032256,109.96774193548386,109.96774193548386,109.96774193548386,109.96774193548386,108.03333333333335,108.03333333333335,108.03333333333335,108.03333333333335,97.64086021505378,93.48387096774195,93.48387096774195,93.48387096774195,92.7741935483871,91.0,91.0,91.0,91.0,98.9032258064516,98.9032258064516,98.9032258064516,98.9032258064516,0
product-X,SHA_N,2026,73.8709677419355,55.0967741935484,55.0967741935484,55.0967741935484,57.690092165898626,73.25,73.25,73.25,74.55990783410138,82.41935483870967,82.41935483870967,82.41935483870967,82.41935483870967,76.3817204301075,73.96666666666665,73.96666666666665,73.96666666666665,75.26666666666667,77.0,77.0,77.0,77.0,91.0,91.0,91.0,91.0,96.64516129032256,98.9032258064516,98.9032258064516,98.9032258064516,102.06451612903224,109.96774193548386,109.96774193548386,109.96774193548386,109.96774193548386,108.30967741935486,108.03333333333335,108.03333333333335,108.03333333333335,99.71935483870969,93.48387096774195,93.48387096774195,93.48387096774195,93.12903225806453,91.0,91.0,91.0,91.0,97.77419354838709,98.9032258064516,98.9032258064516,98.9032258064516,80.12903225806453
product-X,SHA_N,2027,55.0967741935484,55.0967741935484,55.0967741935484,55.0967741935484,73.25,73.25,73.25,73.25,82.41935483870967,82.41935483870967,82.41935483870967,82.41935483870967,77.58924731182795,73.96666666666665,73.96666666666665,73.96666666666665,74.83333333333333,77.0,77.0,77.0,77.0,89.0,91.0,91.0,91.0,95.51612903225805,98.9032258064516,98.9032258064516,98.9032258064516,100.48387096774192,109.96774193548386,109.96774193548386,109.96774193548386,109.96774193548386,108.58602150537635,108.03333333333335,108.03333333333335,108.03333333333335,101.7978494623656,93.48387096774195,93.48387096774195,93.48387096774195,93.48387096774195,91.0,91.0,91.0,91.0,96.64516129032256,98.9032258064516,98.9032258064516,98.9032258064516,86.38709677419355,0
product-X,SHA_N,2028,55.0967741935484,55.0967741935484,55.0967741935484,55.0967741935484,68.4916573971079,70.72413793103449,70.72413793103449,70.72413793103449,79.07786429365962,82.41935483870967,82.41935483870967,82.41935483870967,80.00430107526881,73.96666666666665,73.96666666666665,73.96666666666665,73.96666666666665,77.0,77.0,77.0,77.0,85.0,91.0,91.0,91.0,93.25806451612902,98.9032258064516,98.9032258064516,98.9032258064516,98.9032258064516,108.38709677419354,109.96774193548386,109.96774193548386,109.96774193548386,109.13870967741936,108.03333333333335,108.03333333333335,108.03333333333335,105.95483870967743,93.48387096774195,93.48387096774195,93.48387096774195,93.48387096774195,91.70967741935485,91.0,91.0,91.0,94.38709677419354,98.9032258064516,98.9032258064516,98.9032258064516,98.9032258064516,0
